{"cameraMode":{"drawMode":0,"name":"Shaded","section":"Shading Mode"},"sceneLighting":true,"audioPlay":false,"sceneViewState":{"m_AlwaysRefresh":false,"showFog":true,"showSkybox":true,"showFlares":true,"showImageEffects":true,"showParticleSystems":true,"showVisualEffectGraphs":true,"m_FxEnabled":true},"in2DMode":false,"pivot":{"x":7.9066972732543949,"y":1.5880519151687623,"z":-0.5445090532302856},"rotation":{"x":-0.16067053377628327,"y":0.21343201398849488,"z":-0.03556875139474869,"w":-0.9630220532417297},"size":0.8280166387557983,"orthographic":false}