{"cameraMode":{"drawMode":0,"name":"Shaded","section":"Shading Mode"},"sceneLighting":true,"audioPlay":false,"sceneViewState":{"m_AlwaysRefresh":false,"showFog":true,"showSkybox":true,"showFlares":true,"showImageEffects":true,"showParticleSystems":true,"showVisualEffectGraphs":true,"m_FxEnabled":true},"in2DMode":false,"pivot":{"x":3.228348731994629,"y":0.8820561766624451,"z":3.3457324504852297},"rotation":{"x":-0.16357921063899995,"y":-0.16867664456367494,"z":0.028440726920962335,"w":-0.9715726375579834},"size":6.802401065826416,"orthographic":false}