{"cameraMode":{"drawMode":0,"name":"Shaded","section":"Shading Mode"},"sceneLighting":true,"audioPlay":false,"sceneViewState":{"m_AlwaysRefresh":false,"showFog":true,"showSkybox":true,"showFlares":true,"showImageEffects":true,"showParticleSystems":true,"showVisualEffectGraphs":true,"m_FxEnabled":true},"in2DMode":false,"pivot":{"x":-0.5237274169921875,"y":-0.8575950264930725,"z":11.050308227539063},"rotation":{"x":-0.10944763571023941,"y":-0.04858338087797165,"z":0.005399168934673071,"w":-0.9927188158035278},"size":8.237512588500977,"orthographic":false}